[
{
 "model": "contenttypes.contenttype",
 "pk": 1,
 "fields": {
  "app_label": "admin",
  "model": "logentry"
 }
},
{
 "model": "contenttypes.contenttype",
 "pk": 2,
 "fields": {
  "app_label": "auth",
  "model": "permission"
 }
},
{
 "model": "contenttypes.contenttype",
 "pk": 3,
 "fields": {
  "app_label": "auth",
  "model": "group"
 }
},
{
 "model": "contenttypes.contenttype",
 "pk": 4,
 "fields": {
  "app_label": "contenttypes",
  "model": "contenttype"
 }
},
{
 "model": "contenttypes.contenttype",
 "pk": 5,
 "fields": {
  "app_label": "sessions",
  "model": "session"
 }
},
{
 "model": "contenttypes.contenttype",
 "pk": 6,
 "fields": {
  "app_label": "accounts",
  "model": "user"
 }
},
{
 "model": "contenttypes.contenttype",
 "pk": 7,
 "fields": {
  "app_label": "accounts",
  "model": "skill"
 }
},
{
 "model": "contenttypes.contenttype",
 "pk": 8,
 "fields": {
  "app_label": "accounts",
  "model": "userprofile"
 }
},
{
 "model": "contenttypes.contenttype",
 "pk": 9,
 "fields": {
  "app_label": "conversations",
  "model": "conversation"
 }
},
{
 "model": "contenttypes.contenttype",
 "pk": 10,
 "fields": {
  "app_label": "conversations",
  "model": "message"
 }
},
{
 "model": "contenttypes.contenttype",
 "pk": 11,
 "fields": {
  "app_label": "teams",
  "model": "team"
 }
},
{
 "model": "sessions.session",
 "pk": "i6hsp42vwcm8l4le6zvdznq1gbt4h6yt",
 "fields": {
  "session_data": "ZjI0Y2FhZWIxOGE2MWZiYjNlMWNjYjE1NDNhODcyOWUyMjIyMzJlMzp7Il9hdXRoX3VzZXJfaWQiOiI5IiwiX2F1dGhfdXNlcl9iYWNrZW5kIjoiZGphbmdvLmNvbnRyaWIuYXV0aC5iYWNrZW5kcy5Nb2RlbEJhY2tlbmQiLCJfYXV0aF91c2VyX2hhc2giOiIwNDk1YjQyMDliOTdlY2NiZDI5MWJjOGU2ZGZhMTU1ZjViYWY2NmExIn0=",
  "expire_date": "2018-09-03T07:24:54.334Z"
 }
},
{
 "model": "accounts.skill",
 "pk": 1,
 "fields": {
  "name": "Forex trader"
 }
},
{
 "model": "accounts.skill",
 "pk": 2,
 "fields": {
  "name": "Tech savy"
 }
},
{
 "model": "accounts.skill",
 "pk": 3,
 "fields": {
  "name": "Future thinking"
 }
},
{
 "model": "accounts.skill",
 "pk": 4,
 "fields": {
  "name": "Retirement Planning"
 }
},
{
 "model": "accounts.skill",
 "pk": 5,
 "fields": {
  "name": "Groundbreaker"
 }
},
{
 "model": "accounts.skill",
 "pk": 6,
 "fields": {
  "name": "Experienced marketer"
 }
},
{
 "model": "accounts.skill",
 "pk": 7,
 "fields": {
  "name": "Great leader"
 }
},
{
 "model": "accounts.skill",
 "pk": 8,
 "fields": {
  "name": "50k estate sales"
 }
},
{
 "model": "teams.team",
 "pk": 17,
 "fields": {
  "name": "Qandor Developement",
  "timestamp": "2018-08-20T08:15:31.064Z",
  "updated": "2018-08-20T08:15:31.067Z"
 }
},
{
 "model": "auth.permission",
 "pk": 1,
 "fields": {
  "name": "Can add log entry",
  "content_type": 1,
  "codename": "add_logentry"
 }
},
{
 "model": "auth.permission",
 "pk": 2,
 "fields": {
  "name": "Can change log entry",
  "content_type": 1,
  "codename": "change_logentry"
 }
},
{
 "model": "auth.permission",
 "pk": 3,
 "fields": {
  "name": "Can delete log entry",
  "content_type": 1,
  "codename": "delete_logentry"
 }
},
{
 "model": "auth.permission",
 "pk": 4,
 "fields": {
  "name": "Can add permission",
  "content_type": 2,
  "codename": "add_permission"
 }
},
{
 "model": "auth.permission",
 "pk": 5,
 "fields": {
  "name": "Can change permission",
  "content_type": 2,
  "codename": "change_permission"
 }
},
{
 "model": "auth.permission",
 "pk": 6,
 "fields": {
  "name": "Can delete permission",
  "content_type": 2,
  "codename": "delete_permission"
 }
},
{
 "model": "auth.permission",
 "pk": 7,
 "fields": {
  "name": "Can add group",
  "content_type": 3,
  "codename": "add_group"
 }
},
{
 "model": "auth.permission",
 "pk": 8,
 "fields": {
  "name": "Can change group",
  "content_type": 3,
  "codename": "change_group"
 }
},
{
 "model": "auth.permission",
 "pk": 9,
 "fields": {
  "name": "Can delete group",
  "content_type": 3,
  "codename": "delete_group"
 }
},
{
 "model": "auth.permission",
 "pk": 10,
 "fields": {
  "name": "Can add content type",
  "content_type": 4,
  "codename": "add_contenttype"
 }
},
{
 "model": "auth.permission",
 "pk": 11,
 "fields": {
  "name": "Can change content type",
  "content_type": 4,
  "codename": "change_contenttype"
 }
},
{
 "model": "auth.permission",
 "pk": 12,
 "fields": {
  "name": "Can delete content type",
  "content_type": 4,
  "codename": "delete_contenttype"
 }
},
{
 "model": "auth.permission",
 "pk": 13,
 "fields": {
  "name": "Can add session",
  "content_type": 5,
  "codename": "add_session"
 }
},
{
 "model": "auth.permission",
 "pk": 14,
 "fields": {
  "name": "Can change session",
  "content_type": 5,
  "codename": "change_session"
 }
},
{
 "model": "auth.permission",
 "pk": 15,
 "fields": {
  "name": "Can delete session",
  "content_type": 5,
  "codename": "delete_session"
 }
},
{
 "model": "auth.permission",
 "pk": 16,
 "fields": {
  "name": "Can add user",
  "content_type": 6,
  "codename": "add_user"
 }
},
{
 "model": "auth.permission",
 "pk": 17,
 "fields": {
  "name": "Can change user",
  "content_type": 6,
  "codename": "change_user"
 }
},
{
 "model": "auth.permission",
 "pk": 18,
 "fields": {
  "name": "Can delete user",
  "content_type": 6,
  "codename": "delete_user"
 }
},
{
 "model": "auth.permission",
 "pk": 19,
 "fields": {
  "name": "Can add skill",
  "content_type": 7,
  "codename": "add_skill"
 }
},
{
 "model": "auth.permission",
 "pk": 20,
 "fields": {
  "name": "Can change skill",
  "content_type": 7,
  "codename": "change_skill"
 }
},
{
 "model": "auth.permission",
 "pk": 21,
 "fields": {
  "name": "Can delete skill",
  "content_type": 7,
  "codename": "delete_skill"
 }
},
{
 "model": "auth.permission",
 "pk": 22,
 "fields": {
  "name": "Can add user profile",
  "content_type": 8,
  "codename": "add_userprofile"
 }
},
{
 "model": "auth.permission",
 "pk": 23,
 "fields": {
  "name": "Can change user profile",
  "content_type": 8,
  "codename": "change_userprofile"
 }
},
{
 "model": "auth.permission",
 "pk": 24,
 "fields": {
  "name": "Can delete user profile",
  "content_type": 8,
  "codename": "delete_userprofile"
 }
},
{
 "model": "auth.permission",
 "pk": 25,
 "fields": {
  "name": "Can add conversation",
  "content_type": 9,
  "codename": "add_conversation"
 }
},
{
 "model": "auth.permission",
 "pk": 26,
 "fields": {
  "name": "Can change conversation",
  "content_type": 9,
  "codename": "change_conversation"
 }
},
{
 "model": "auth.permission",
 "pk": 27,
 "fields": {
  "name": "Can delete conversation",
  "content_type": 9,
  "codename": "delete_conversation"
 }
},
{
 "model": "auth.permission",
 "pk": 28,
 "fields": {
  "name": "Can add message",
  "content_type": 10,
  "codename": "add_message"
 }
},
{
 "model": "auth.permission",
 "pk": 29,
 "fields": {
  "name": "Can change message",
  "content_type": 10,
  "codename": "change_message"
 }
},
{
 "model": "auth.permission",
 "pk": 30,
 "fields": {
  "name": "Can delete message",
  "content_type": 10,
  "codename": "delete_message"
 }
},
{
 "model": "auth.permission",
 "pk": 31,
 "fields": {
  "name": "Can add team",
  "content_type": 11,
  "codename": "add_team"
 }
},
{
 "model": "auth.permission",
 "pk": 32,
 "fields": {
  "name": "Can change team",
  "content_type": 11,
  "codename": "change_team"
 }
},
{
 "model": "auth.permission",
 "pk": 33,
 "fields": {
  "name": "Can delete team",
  "content_type": 11,
  "codename": "delete_team"
 }
},
{
 "model": "accounts.user",
 "pk": 10,
 "fields": {
  "password": "pbkdf2_sha256$36000$hp4vZdm4dbfO$XB1bfY+2Mtn4uR4kdsZOazDgOt1S/eIG+qQPr9pI+SQ=",
  "last_login": null,
  "is_superuser": false,
  "username": "jsmith123",
  "first_name": "Jason",
  "last_name": "Smith",
  "email": "jason.smith123@qandor.com",
  "position": "real_estate_agent",
  "phone_number": "+18002342352",
  "user_type": "standard",
  "image": "users/default.png",
  "team": 17,
  "is_staff": true,
  "date_joined": "2018-08-20T07:25:18Z",
  "groups": [],
  "user_permissions": []
 }
},
{
 "model": "accounts.user",
 "pk": 11,
 "fields": {
  "password": "pbkdf2_sha256$36000$hp4vZdm4dbfO$XB1bfY+2Mtn4uR4kdsZOazDgOt1S/eIG+qQPr9pI+SQ=",
  "last_login": null,
  "is_superuser": false,
  "username": "linsmith74",
  "first_name": "Linda",
  "last_name": "Smith",
  "email": "linda.smith@qandor.com",
  "position": "financial_advisor",
  "phone_number": "+18002342132",
  "user_type": "standard",
  "image": "users/default.png",
  "team": 17,
  "is_staff": true,
  "date_joined": "2018-08-20T07:26:32Z",
  "groups": [],
  "user_permissions": []
 }
},
{
 "model": "accounts.user",
 "pk": 12,
 "fields": {
  "password": "pbkdf2_sha256$36000$hp4vZdm4dbfO$XB1bfY+2Mtn4uR4kdsZOazDgOt1S/eIG+qQPr9pI+SQ=",
  "last_login": null,
  "is_superuser": false,
  "username": "sackettshaun1985",
  "first_name": "Shaun",
  "last_name": "Sackett",
  "email": "shaun.sackett.1995@qandor.com",
  "position": "independent_advisor",
  "phone_number": "+18005871923",
  "user_type": "standard",
  "image": "users/default.png",
  "team": 17,
  "is_staff": true,
  "date_joined": "2018-08-20T07:28:34Z",
  "groups": [],
  "user_permissions": []
 }
},
{
 "model": "accounts.user",
 "pk": 13,
 "fields": {
  "password": "pbkdf2_sha256$36000$hp4vZdm4dbfO$XB1bfY+2Mtn4uR4kdsZOazDgOt1S/eIG+qQPr9pI+SQ=",
  "last_login": null,
  "is_superuser": false,
  "username": "stevens98",
  "first_name": "Steven",
  "last_name": "Swap",
  "email": "steven.swap@qandor.com",
  "position": "insurance_agent",
  "phone_number": "+18002349293",
  "user_type": "standard",
  "image": "users/default.png",
  "team": 17,
  "is_staff": true,
  "date_joined": "2018-08-20T07:30:39Z",
  "groups": [],
  "user_permissions": []
 }
},
{
 "model": "accounts.user",
 "pk": 14,
 "fields": {
  "password": "pbkdf2_sha256$36000$hp4vZdm4dbfO$XB1bfY+2Mtn4uR4kdsZOazDgOt1S/eIG+qQPr9pI+SQ=",
  "last_login": null,
  "is_superuser": false,
  "username": "msackett88",
  "first_name": "Mike",
  "last_name": "Sackett",
  "email": "mike.sackett@qandor.com",
  "position": "estate_attorney",
  "phone_number": "+18005238349",
  "user_type": "standard",
  "image": "users/default.png",
  "team": 17,
  "is_staff": true,
  "date_joined": "2018-08-20T07:32:09Z",
  "groups": [],
  "user_permissions": []
 }
},
{
 "model": "accounts.user",
 "pk": 15,
 "fields": {
  "password": "pbkdf2_sha256$36000$hp4vZdm4dbfO$XB1bfY+2Mtn4uR4kdsZOazDgOt1S/eIG+qQPr9pI+SQ=",
  "last_login": null,
  "is_superuser": false,
  "username": "jgrig80",
  "first_name": "Jim",
  "last_name": "Grigas",
  "email": "jim.grigas@qandor.com",
  "position": "real_estate_agent",
  "phone_number": "+18002342355",
  "user_type": "standard",
  "image": "users/default.png",
  "team": 17,
  "is_staff": true,
  "date_joined": "2018-08-20T07:32:54Z",
  "groups": [],
  "user_permissions": []
 }
},
{
 "model": "accounts.userprofile",
 "pk": 10,
 "fields": {
  "user": 10,
  "company": "Smith's Real Estates",
  "number_of_votes": 2,
  "score": 9,
  "description": "###This profile description was created using Markdown\r\nHere's a picture of a waterfall:\r\n\r\n![alt text](https://media-cdn.tripadvisor.com/media/photo-s/0d/fc/c9/a2/the-small-waterfall.jpg \"This is a markdown image example\")",
  "skills": [
   1,
   2,
   3,
   4
  ]
 }
},
{
 "model": "accounts.userprofile",
 "pk": 11,
 "fields": {
  "user": 11,
  "company": "Smith's Real Estates",
  "number_of_votes": 24,
  "score": 113,
  "description": "###Hi, my name is Linda Smith!\r\nLorem ipsum dolor sit amet, consectetur adipiscing elit, sed do eiusmod tempor incididunt ut labore et dolore magna aliqua. Ut enim ad minim veniam, quis nostrud exercitation ullamco laboris nisi ut aliquip ex ea commodo consequat. Duis aute irure dolor in reprehenderit in voluptate velit esse cillum dolore eu fugiat nulla pariatur. Excepteur sint occaecat cupidatat non proident, sunt in culpa qui officia deserunt mollit anim id est laborum.\r\n\r\n>Lorem ipsum dolor sit amet, consectetur adipiscing elit, sed do eiusmod tempor incididunt ut labore et dolore magna aliqua.\r\n\r\nSteve Jobs, 2009",
  "skills": [
   1,
   2,
   4,
   6,
   7
  ]
 }
},
{
 "model": "accounts.userprofile",
 "pk": 12,
 "fields": {
  "user": 12,
  "company": "Sackett Financial",
  "number_of_votes": 10,
  "score": 49,
  "description": "####About me\r\nI am genetically predisposed to financial savvy being a Sackett. I have many leather bound books and my office smells of rich mahogany.\r\n\r\n####Nonprofit Work \r\nI have a passion for helping elderly and have volunteered for 15 yrs at my local church to visit a local nursing home weekly.",
  "skills": [
   1,
   2,
   3,
   4,
   5,
   7
  ]
 }
},
{
 "model": "accounts.userprofile",
 "pk": 13,
 "fields": {
  "user": 13,
  "company": "Sackett Financial",
  "number_of_votes": 5,
  "score": 21,
  "description": "###Steven Swap\r\n---\r\n- Future thinking\r\n- Tech savvy\r\n- Groudbreaker\r\n- Makes a good coffee\r\n- Bad at darts\r\n---",
  "skills": [
   2,
   3,
   5
  ]
 }
},
{
 "model": "accounts.userprofile",
 "pk": 14,
 "fields": {
  "user": 14,
  "company": "Sackett Financial",
  "number_of_votes": 10,
  "score": 49,
  "description": "####About me\r\nI am genetically predisposed to financial savvy being a Sackett. I have many leather bound books and my office smells of rich mahogany.\r\n\r\n####Nonprofit Work \r\nI have a passion for helping elderly and have volunteered for 15 yrs at my local church to visit a local nursing home weekly.",
  "skills": [
   2,
   4,
   6,
   7
  ]
 }
},
{
 "model": "accounts.userprofile",
 "pk": 15,
 "fields": {
  "user": 15,
  "company": "Smith's Real Estates",
  "number_of_votes": 16,
  "score": 72,
  "description": "###About me\r\n\"Lorem ipsum dolor sit amet, consectetur adipiscing elit, sed do eiusmod tempor incididunt ut labore et dolore magna aliqua. Ut enim ad minim veniam, quis nostrud exercitation ullamco laboris nisi ut aliquip ex ea commodo consequat. Duis aute irure dolor in reprehenderit in voluptate velit esse cillum dolore eu fugiat nulla pariatur. Excepteur sint occaecat cupidatat non proident, sunt in culpa qui officia deserunt mollit anim id est laborum.\"\r\n\r\n###Experience\r\n\"Lorem ipsum dolor sit amet, consectetur adipiscing elit, sed do eiusmod tempor incididunt ut labore et dolore magna aliqua. Ut enim ad minim veniam, quis nostrud exercitation ullamco laboris nisi ut aliquip ex ea commodo consequat. Duis aute irure dolor in reprehenderit in voluptate velit esse cillum dolore eu fugiat nulla pariatur. Excepteur sint occaecat cupidatat non proident, sunt in culpa qui officia deserunt mollit anim id est laborum.\"\r\n\r\n* \"Lorem ipsum dolor sit amet\" - 2006\r\n* \"Lorem ipsum dolor sit amet\" - 2009\r\n* \"Lorem ipsum dolor sit amet\" - 2011\r\n* \"Lorem ipsum dolor sit amet\" - 2015",
  "skills": [
   1,
   6,
   8
  ]
 }
},
{
 "model": "conversations.conversation",
 "pk": 25,
 "fields": {
  "team": 17,
  "users": [
   9,
   10,
   11,
   12,
   13,
   14,
   15
  ]
 }
},
{
 "model": "conversations.conversation",
 "pk": 26,
 "fields": {
  "team": null,
  "users": [
   10,
   9
  ]
 }
},
{
 "model": "conversations.conversation",
 "pk": 27,
 "fields": {
  "team": null,
  "users": [
   11,
   9
  ]
 }
},
{
 "model": "conversations.conversation",
 "pk": 28,
 "fields": {
  "team": null,
  "users": [
   10,
   11
  ]
 }
},
{
 "model": "conversations.conversation",
 "pk": 29,
 "fields": {
  "team": null,
  "users": [
   11,
   12
  ]
 }
},
{
 "model": "conversations.conversation",
 "pk": 30,
 "fields": {
  "team": null,
  "users": [
   9,
   12
  ]
 }
},
{
 "model": "conversations.conversation",
 "pk": 31,
 "fields": {
  "team": null,
  "users": [
   10,
   12
  ]
 }
},
{
 "model": "conversations.conversation",
 "pk": 32,
 "fields": {
  "team": null,
  "users": [
   11,
   13
  ]
 }
},
{
 "model": "conversations.conversation",
 "pk": 33,
 "fields": {
  "team": null,
  "users": [
   12,
   13
  ]
 }
},
{
 "model": "conversations.conversation",
 "pk": 34,
 "fields": {
  "team": null,
  "users": [
   9,
   13
  ]
 }
},
{
 "model": "conversations.conversation",
 "pk": 35,
 "fields": {
  "team": null,
  "users": [
   10,
   13
  ]
 }
},
{
 "model": "conversations.conversation",
 "pk": 36,
 "fields": {
  "team": null,
  "users": [
   11,
   14
  ]
 }
},
{
 "model": "conversations.conversation",
 "pk": 37,
 "fields": {
  "team": null,
  "users": [
   14,
   12
  ]
 }
},
{
 "model": "conversations.conversation",
 "pk": 38,
 "fields": {
  "team": null,
  "users": [
   14,
   13
  ]
 }
},
{
 "model": "conversations.conversation",
 "pk": 39,
 "fields": {
  "team": null,
  "users": [
   14,
   9
  ]
 }
},
{
 "model": "conversations.conversation",
 "pk": 40,
 "fields": {
  "team": null,
  "users": [
   10,
   14
  ]
 }
},
{
 "model": "conversations.conversation",
 "pk": 41,
 "fields": {
  "team": null,
  "users": [
   15,
   11
  ]
 }
},
{
 "model": "conversations.conversation",
 "pk": 42,
 "fields": {
  "team": null,
  "users": [
   15,
   12
  ]
 }
},
{
 "model": "conversations.conversation",
 "pk": 43,
 "fields": {
  "team": null,
  "users": [
   15,
   13
  ]
 }
},
{
 "model": "conversations.conversation",
 "pk": 44,
 "fields": {
  "team": null,
  "users": [
   15,
   14
  ]
 }
},
{
 "model": "conversations.conversation",
 "pk": 45,
 "fields": {
  "team": null,
  "users": [
   15,
   9
  ]
 }
},
{
 "model": "conversations.conversation",
 "pk": 46,
 "fields": {
  "team": null,
  "users": [
   15,
   10
  ]
 }
},
{
 "model": "conversations.message",
 "pk": 4,
 "fields": {
  "text": "hello!",
  "created_at": "2018-08-20T08:45:03.995Z",
  "user": 15,
  "image": "",
  "position": 2,
  "mobile_uid": "8336668a-6c4b-4add-8845-328ec70488af",
  "sent": false,
  "recieved": false,
  "conversation": 25,
  "read_by": []
 }
},
{
 "model": "conversations.message",
 "pk": 5,
 "fields": {
  "text": "It's nice to meet you all : )",
  "created_at": "2018-08-20T09:05:05.499Z",
  "user": 11,
  "image": "",
  "position": 3,
  "mobile_uid": "bb7d84e7-9d49-4aa3-8478-432aa6067399",
  "sent": false,
  "recieved": false,
  "conversation": 25,
  "read_by": []
 }
},
{
 "model": "conversations.message",
 "pk": 6,
 "fields": {
  "text": "!",
  "created_at": "2018-08-20T09:11:25.790Z",
  "user": 13,
  "image": "conversations/conversation_25/e591c7d5-90d4-437c-a5f4-403335a1e906.gif",
  "position": 4,
  "mobile_uid": "0e016760-354e-4a18-9e2a-0146a582a10a",
  "sent": false,
  "recieved": false,
  "conversation": 25,
  "read_by": []
 }
},
{
 "model": "conversations.message",
 "pk": 7,
 "fields": {
  "text": "Anyone up to order a pizza for lunch?",
  "created_at": "2018-08-20T09:12:49.994Z",
  "user": 13,
  "image": "",
  "position": 5,
  "mobile_uid": "bcfbf28d-430b-42e3-9074-2355830b9005",
  "sent": false,
  "recieved": false,
  "conversation": 25,
  "read_by": []
 }
}
]
